order_id,supplier_id,order_date,delivery_date,amount_eur,status
1,1,2025-10-08,2025-10-19,71116.05,Delivered
2,1,2025-05-27,,19050.25,In Transit
3,1,2025-06-14,2025-06-26,40326.51,Delivered
4,1,2025-04-20,,44183.03,Cancelled
5,1,2025-03-28,2025-04-03,56514.04,Delivered
6,2,2025-02-17,2025-03-14,69838.36,Delivered
7,2,2025-06-08,2025-06-27,20257.5,Delivered
8,2,2025-03-17,2025-04-10,3539.52,Delivered
9,2,2025-09-01,2025-09-24,52541.38,Delivered
10,3,2025-08-01,,75492.43,In Transit
11,3,2025-04-10,2025-05-05,61481.88,Delivered
12,3,2025-09-11,2025-10-03,34871.01,Delivered
13,3,2025-01-03,2025-01-22,76037.1,Delivered
14,3,2025-08-06,,19773.23,Cancelled
15,4,2025-01-26,2025-02-09,48043.38,Delivered
16,4,2025-08-22,2025-09-09,12633.82,Delivered
17,4,2025-09-29,,83989.02,In Transit
18,4,2025-06-12,2025-06-23,80828.31,Delivered
19,4,2025-09-16,,37132.85,In Transit
20,5,2025-03-23,2025-04-02,63595.23,Delivered
21,5,2025-08-19,2025-08-30,23142.49,Delivered
22,5,2025-05-22,,65445.44,In Transit
23,5,2025-09-06,2025-09-24,53833.49,Delivered
24,5,2025-08-14,2025-08-31,7969.86,Delivered
25,6,2025-05-20,,29543.27,In Transit
26,6,2025-02-11,2025-03-07,13054.23,Delivered
27,6,2025-07-16,,59444.81,Cancelled
28,7,2025-02-02,2025-02-05,36141.47,Delivered
29,7,2025-10-05,2025-10-16,40404.68,Delivered
30,7,2025-04-16,2025-04-23,71046.41,Delivered
31,8,2025-10-22,2025-11-17,33261.82,Delivered
32,8,2025-06-30,2025-07-17,26434.16,Delivered
33,9,2025-10-03,,63917.56,In Transit
34,9,2025-04-23,2025-05-05,42267.16,Delivered
35,9,2025-08-12,2025-08-22,42051.11,Delivered
36,9,2025-06-22,2025-07-01,57350.95,Delivered
37,9,2025-03-26,2025-04-01,71682.22,Delivered
38,10,2025-07-21,,50923.05,Cancelled
39,10,2025-01-14,2025-01-19,8509.61,Delivered
40,11,2025-08-25,2025-09-09,16674.37,Delivered
41,11,2025-07-14,2025-08-02,28833.95,Delivered
42,11,2025-06-17,2025-07-05,29681.3,Delivered
43,12,2025-08-04,2025-09-01,22564.67,Delivered
44,12,2025-08-29,,3118.5,In Transit
45,12,2025-01-27,2025-02-28,84992.3,Delivered
46,12,2025-04-25,,55787.03,Cancelled
47,13,2025-01-16,2025-02-05,80792.58,Delivered
48,13,2025-01-11,2025-01-29,53381.53,Delivered
49,14,2025-08-31,,57399.81,In Transit
50,14,2025-04-22,2025-05-19,40330.34,Delivered
51,14,2025-07-08,,15510.39,In Transit
52,15,2025-03-25,2025-04-19,82054.18,Delivered
53,15,2025-10-24,2025-11-14,3644.15,Delivered
54,16,2025-07-23,2025-08-17,80112.79,Delivered
55,16,2025-02-08,,50940.17,Cancelled
56,16,2025-05-05,2025-05-25,10008.76,Delivered
57,16,2025-03-03,,67984.97,In Transit
58,16,2025-01-22,2025-02-19,30491.51,Delivered
59,17,2025-02-05,2025-02-19,43747.73,Delivered
60,17,2025-01-07,2025-01-27,72439.56,Delivered
61,17,2025-02-24,2025-03-10,37699.2,Delivered
62,17,2025-08-24,2025-09-12,60560.27,Delivered
63,18,2025-09-25,2025-10-06,82117.06,Delivered
64,18,2025-10-03,2025-10-10,66182.56,Delivered
65,18,2025-08-12,,70448.84,In Transit
66,19,2025-06-15,2025-07-06,72618.05,Delivered
67,19,2025-05-23,2025-06-11,75116.2,Delivered
68,19,2025-08-26,,49082.45,Cancelled
69,19,2025-07-14,2025-08-06,29589.12,Delivered
70,20,2025-04-04,2025-04-23,42210.42,Delivered
71,20,2025-05-13,,29918.29,In Transit
72,20,2025-05-22,,47908.55,In Transit
73,20,2025-04-08,,8648.68,Cancelled
74,21,2025-09-08,2025-09-22,47857.21,Delivered
75,21,2025-09-01,2025-09-20,55432.89,Delivered
76,21,2025-08-18,2025-09-02,67709.89,Delivered
77,21,2025-05-31,,20003.3,Cancelled
78,21,2025-05-05,,27068.2,In Transit
79,22,2025-08-31,2025-09-15,47714.99,Delivered
80,22,2025-08-06,,84718.73,In Transit
81,22,2025-06-19,2025-07-03,30876.18,Delivered
82,22,2025-05-19,2025-06-06,27103.02,Delivered
83,23,2025-04-09,,27848.25,Cancelled
84,23,2025-10-02,,80898.28,Cancelled
85,24,2025-04-09,2025-05-05,19568.12,Delivered
86,24,2025-05-22,,62002.85,In Transit
87,24,2025-05-25,2025-06-22,83372.64,Delivered
88,25,2025-04-27,2025-05-19,31633.57,Delivered
89,25,2025-01-08,2025-01-29,60619.54,Delivered
90,25,2025-05-21,2025-06-14,5300.56,Delivered
91,25,2025-10-11,2025-10-30,25893.41,Delivered
92,26,2025-02-22,,74372.1,In Transit
93,26,2025-05-26,2025-06-11,40694.64,Delivered
94,26,2025-06-24,2025-07-16,16894.37,Delivered
95,26,2025-05-10,2025-05-31,80078.81,Delivered
96,26,2025-02-28,2025-03-15,70146.66,Delivered
97,27,2025-02-07,,49681.27,Cancelled
98,27,2025-01-28,,14169.21,In Transit
99,27,2025-06-05,2025-06-22,8612.61,Delivered
100,27,2025-03-02,2025-03-11,48099.1,Delivered
101,27,2025-04-26,2025-05-06,66270.41,Delivered
102,28,2025-08-15,,26328.99,In Transit
103,28,2025-08-08,,26999.25,In Transit
104,28,2025-01-31,,52404.18,Cancelled
105,28,2025-02-20,2025-03-18,80623.78,Delivered
106,28,2025-04-19,2025-05-09,23597.95,Delivered
107,29,2025-05-03,2025-05-22,16013.43,Delivered
108,29,2025-03-22,2025-04-04,1723.42,Delivered
109,29,2025-08-29,2025-09-11,25820.15,Delivered
110,30,2025-05-25,2025-06-10,60199.46,Delivered
111,30,2025-02-06,2025-02-24,58896.64,Delivered
112,30,2025-04-12,,36999.1,In Transit
113,30,2025-04-26,2025-05-09,55577.5,Delivered
114,31,2025-02-06,2025-02-26,6479.78,Delivered
115,31,2025-10-19,2025-11-08,78419.58,Delivered
116,31,2025-03-05,2025-03-21,40636.28,Delivered
117,32,2025-05-20,2025-05-29,43289.43,Delivered
118,32,2025-08-13,2025-08-21,8216.89,Delivered
119,32,2025-08-10,,62833.58,In Transit
120,32,2025-05-09,2025-05-20,3659.72,Delivered
121,32,2025-10-22,2025-10-30,50524.76,Delivered
122,33,2025-10-23,2025-10-26,4859.34,Delivered
123,33,2025-08-29,2025-09-02,44833.48,Delivered
124,33,2025-05-23,,16654.34,In Transit
125,33,2025-08-12,2025-08-19,54504.52,Delivered
126,34,2025-08-29,2025-09-16,30554.75,Delivered
127,34,2025-06-14,2025-07-02,57456.15,Delivered
128,35,2025-07-30,2025-08-27,59421.75,Delivered
129,35,2025-07-25,,69432.76,In Transit
130,35,2025-01-19,2025-02-08,39477.96,Delivered
131,35,2025-05-10,2025-06-02,28493.36,Delivered
132,36,2025-10-05,2025-10-12,40075.02,Delivered
133,36,2025-04-07,,44789.69,In Transit
134,37,2025-08-15,2025-09-08,64959.21,Delivered
135,37,2025-05-17,2025-06-09,47359.84,Delivered
136,37,2025-08-13,2025-09-11,75050.69,Delivered
137,37,2025-03-04,,3910.6,Cancelled
138,37,2025-05-03,2025-05-28,60766.87,Delivered
139,38,2025-10-10,2025-11-03,35567.22,Delivered
140,38,2025-02-28,2025-03-24,40030.9,Delivered
141,39,2025-09-13,2025-09-28,79376.53,Delivered
142,39,2025-09-18,2025-09-27,60401.87,Delivered
143,39,2025-09-05,2025-09-22,83350.43,Delivered
144,40,2025-10-10,2025-10-27,13577.6,Delivered
145,40,2025-09-18,2025-10-07,63815.43,Delivered
146,40,2025-02-05,2025-02-24,24566.66,Delivered
147,40,2025-06-24,,79509.74,In Transit
148,40,2025-05-17,2025-06-04,70015.88,Delivered
149,41,2025-10-28,,49923.6,Cancelled
150,41,2025-09-08,2025-09-12,73749.26,Delivered
151,41,2025-10-03,2025-10-11,41942.51,Delivered
152,41,2025-10-10,2025-10-23,65199.87,Delivered
153,42,2025-06-14,,74111.74,Cancelled
154,42,2025-05-03,2025-05-29,49245.1,Delivered
155,42,2025-07-30,,5144.55,Cancelled
156,42,2025-08-31,2025-09-18,60386.53,Delivered
157,42,2025-07-17,,84032.57,Cancelled
158,43,2025-09-11,2025-10-03,82062.84,Delivered
159,43,2025-09-15,2025-10-04,82107.02,Delivered
160,43,2025-02-21,2025-03-10,74494.9,Delivered
161,44,2025-09-27,2025-10-12,77521.88,Delivered
162,44,2025-03-15,,35733.21,Cancelled
163,45,2025-02-08,2025-02-11,40702.47,Delivered
164,45,2025-06-23,2025-06-28,53542.16,Delivered
165,45,2025-02-11,,72622.4,Cancelled
166,46,2025-06-12,2025-07-11,53837.73,Delivered
167,46,2025-10-05,2025-11-04,4497.57,Delivered
168,46,2025-05-01,2025-05-30,54201.94,Delivered
169,46,2025-04-27,2025-05-29,63854.99,Delivered
170,46,2025-02-20,,64990.87,Cancelled
171,47,2025-08-16,2025-08-29,15391.46,Delivered
172,47,2025-01-15,2025-01-26,5340.25,Delivered
173,48,2025-07-03,2025-07-29,32799.23,Delivered
174,48,2025-05-06,,45852.39,In Transit
175,48,2025-04-03,2025-05-03,15693.63,Delivered
176,48,2025-07-15,2025-08-06,53245.82,Delivered
177,49,2025-10-26,2025-11-12,13450.33,Delivered
178,49,2025-05-11,,39874.14,Cancelled
179,49,2025-01-05,2025-01-21,76558.86,Delivered
180,49,2025-05-28,2025-06-18,58080.51,Delivered
181,49,2025-02-07,2025-02-28,38384.44,Delivered
182,50,2025-08-06,2025-08-28,59141.18,Delivered
183,50,2025-06-04,2025-06-25,18134.62,Delivered
184,50,2025-09-05,2025-10-02,10405.55,Delivered
185,50,2025-10-20,2025-11-12,31473.09,Delivered
186,51,2025-01-12,,83158.36,Cancelled
187,51,2025-07-22,,24419.11,In Transit
188,51,2025-01-26,,77536.52,Cancelled
189,51,2025-09-12,2025-10-01,71042.05,Delivered
190,52,2025-06-30,2025-07-15,19786.88,Delivered
191,52,2025-05-09,,58093.33,Cancelled
192,52,2025-03-12,,53958.72,Cancelled
193,53,2025-06-08,2025-06-23,67348.98,Delivered
194,53,2025-10-24,2025-11-07,31965.91,Delivered
195,54,2025-06-01,2025-06-21,28781.05,Delivered
196,54,2025-03-31,,18266.37,In Transit
197,55,2025-09-29,2025-10-20,43399.86,Delivered
198,55,2025-03-26,2025-04-16,22957.0,Delivered
199,55,2025-06-01,2025-06-13,63837.71,Delivered
200,55,2025-02-28,2025-03-12,40605.67,Delivered
201,56,2025-04-26,,73321.74,Cancelled
202,56,2025-07-23,,82267.02,In Transit
203,56,2025-07-07,2025-07-11,9040.29,Delivered
204,57,2025-05-16,2025-06-02,46303.79,Delivered
205,57,2025-07-08,,57681.17,Cancelled
206,58,2025-10-27,,33315.63,Cancelled
207,58,2025-07-10,2025-07-15,10546.9,Delivered
208,58,2025-08-30,,3589.56,In Transit
209,58,2025-06-17,2025-06-22,77923.87,Delivered
210,59,2025-08-26,2025-09-20,77433.87,Delivered
211,59,2025-07-29,2025-08-24,11242.44,Delivered
212,60,2025-06-05,2025-06-30,84659.94,Delivered
213,60,2025-02-19,,21105.8,In Transit
214,61,2025-07-18,,39379.25,Cancelled
215,61,2025-10-04,,36497.08,Cancelled
216,61,2025-03-21,,75432.05,Cancelled
217,62,2025-09-08,2025-09-30,52906.96,Delivered
218,62,2025-01-17,2025-02-06,59138.44,Delivered
219,63,2025-08-16,2025-08-25,80871.36,Delivered
220,63,2025-02-20,2025-03-09,83407.46,Delivered
221,63,2025-10-06,,76791.63,Cancelled
222,63,2025-07-03,2025-07-19,6555.93,Delivered
223,63,2025-04-08,2025-04-21,82345.27,Delivered
224,64,2025-04-19,,55082.32,In Transit
225,64,2025-01-11,2025-02-11,5723.31,Delivered
226,65,2025-03-06,2025-03-17,67212.67,Delivered
227,65,2025-02-05,,70789.79,In Transit
228,65,2025-04-17,2025-05-05,50462.99,Delivered
229,66,2025-03-17,,67351.75,In Transit
230,66,2025-01-02,2025-01-12,24652.45,Delivered
231,66,2025-03-08,2025-03-16,46607.99,Delivered
232,66,2025-02-26,2025-03-16,56698.31,Delivered
233,67,2025-01-08,2025-02-07,31413.23,Delivered
234,67,2025-06-15,2025-07-07,2817.72,Delivered
235,67,2025-01-27,2025-02-16,12084.34,Delivered
236,68,2025-02-02,2025-02-12,41266.54,Delivered
237,68,2025-09-20,2025-09-29,51071.11,Delivered
238,69,2025-01-23,,62224.79,Cancelled
239,69,2025-09-24,,26686.13,Cancelled
240,69,2025-01-16,2025-01-19,6578.92,Delivered
241,70,2025-08-07,2025-08-26,58789.14,Delivered
242,70,2025-08-16,2025-08-28,7636.47,Delivered
243,70,2025-06-14,2025-06-29,52292.83,Delivered
244,70,2025-03-06,,24463.84,Cancelled
245,70,2025-10-27,2025-11-14,47287.76,Delivered
246,71,2025-09-29,,26123.96,In Transit
247,71,2025-08-09,,9781.4,Cancelled
248,71,2025-02-28,,72708.19,Cancelled
249,71,2025-10-10,2025-10-31,61690.13,Delivered
250,71,2025-08-09,2025-08-30,39204.84,Delivered
251,72,2025-06-23,2025-07-08,70589.51,Delivered
252,72,2025-08-01,2025-08-14,62422.64,Delivered
253,72,2025-08-07,2025-08-15,27595.72,Delivered
254,72,2025-07-11,,81124.98,Cancelled
255,72,2025-08-31,2025-09-10,7105.63,Delivered
256,73,2025-08-10,,9563.13,Cancelled
257,73,2025-07-10,,69282.74,In Transit
258,74,2025-10-28,,81378.16,In Transit
259,74,2025-06-18,2025-07-01,57446.11,Delivered
260,75,2025-08-05,,73985.69,Cancelled
261,75,2025-01-27,,82361.29,In Transit
262,75,2025-06-09,,30862.46,In Transit
263,75,2025-09-17,,19263.69,Cancelled
264,76,2025-04-25,2025-05-07,72247.45,Delivered
265,76,2025-10-12,2025-10-23,32191.35,Delivered
266,76,2025-10-21,2025-11-08,20384.28,Delivered
267,76,2025-10-15,,82874.64,In Transit
268,76,2025-10-13,,3692.19,Cancelled
269,77,2025-01-15,,16564.74,Cancelled
270,77,2025-06-08,2025-06-21,78448.38,Delivered
271,77,2025-01-04,2025-01-22,16647.36,Delivered
272,77,2025-10-17,2025-11-01,56388.28,Delivered
273,78,2025-01-16,,9161.77,In Transit
274,78,2025-04-21,2025-05-02,32912.23,Delivered
275,78,2025-06-24,2025-07-03,14643.67,Delivered
276,79,2025-10-18,2025-11-02,51284.68,Delivered
277,79,2025-03-21,,14643.73,In Transit
278,79,2025-01-26,2025-02-16,57776.39,Delivered
279,79,2025-08-15,2025-08-28,56771.88,Delivered
280,80,2025-08-01,,24309.43,In Transit
281,80,2025-02-28,2025-03-15,30321.93,Delivered
282,80,2025-05-26,,58131.19,In Transit
283,80,2025-09-07,2025-10-01,45499.0,Delivered
284,80,2025-01-24,,19913.29,In Transit
285,81,2025-01-04,2025-01-29,18569.33,Delivered
286,81,2025-03-12,2025-04-03,65307.43,Delivered
287,82,2025-03-03,,2145.45,Cancelled
288,82,2025-08-09,2025-08-29,16170.52,Delivered
289,82,2025-09-30,,60256.55,In Transit
290,82,2025-10-14,2025-10-28,71085.08,Delivered
291,83,2025-07-23,2025-08-06,73457.32,Delivered
292,83,2025-08-12,2025-08-19,3064.92,Delivered
293,84,2025-10-22,2025-11-11,37345.24,Delivered
294,84,2025-08-02,2025-08-26,25674.52,Delivered
295,84,2025-01-11,2025-02-04,82177.67,Delivered
296,84,2025-08-24,2025-09-19,70974.16,Delivered
297,85,2025-08-12,2025-08-29,72014.44,Delivered
298,85,2025-08-12,,50670.75,In Transit
299,86,2025-07-22,,74188.79,Cancelled
300,86,2025-06-23,2025-07-12,20001.27,Delivered
301,87,2025-09-19,,54374.26,In Transit
302,87,2025-09-19,2025-10-02,17690.96,Delivered
303,88,2025-03-17,2025-03-29,21228.45,Delivered
304,88,2025-05-12,,17972.2,In Transit
305,88,2025-03-20,,64977.98,Cancelled
306,88,2025-02-08,,16291.7,Cancelled
307,89,2025-08-26,,64496.23,In Transit
308,89,2025-08-18,,58374.65,In Transit
309,89,2025-06-15,,73664.61,Cancelled
310,89,2025-06-11,2025-06-29,14104.94,Delivered
311,89,2025-08-29,2025-09-22,38424.37,Delivered
312,90,2025-01-29,2025-02-18,30887.18,Delivered
313,90,2025-06-08,2025-07-05,40055.5,Delivered
314,90,2025-01-30,2025-02-22,32289.59,Delivered
315,90,2025-02-09,2025-02-28,55329.65,Delivered
316,91,2025-08-25,,49957.51,Cancelled
317,91,2025-01-22,,39052.76,In Transit
318,91,2025-04-07,2025-04-23,28347.48,Delivered
319,91,2025-09-14,2025-09-25,14096.9,Delivered
320,91,2025-08-19,2025-09-08,10142.41,Delivered
321,92,2025-09-16,2025-10-12,55451.61,Delivered
322,92,2025-05-07,2025-06-02,60586.41,Delivered
323,93,2025-07-06,2025-07-29,32633.14,Delivered
324,93,2025-07-18,2025-08-11,35632.24,Delivered
325,93,2025-01-27,,67400.45,Cancelled
326,94,2025-02-03,,29029.18,In Transit
327,94,2025-07-17,,25226.27,Cancelled
328,94,2025-03-18,,29335.73,In Transit
329,94,2025-03-14,2025-03-30,78048.33,Delivered
330,95,2025-03-08,2025-03-29,51185.94,Delivered
331,95,2025-06-08,,48169.99,Cancelled
332,95,2025-06-18,,69400.93,Cancelled
333,95,2025-09-27,,9303.32,Cancelled
334,95,2025-08-05,2025-09-02,43958.79,Delivered
335,96,2025-06-08,2025-06-20,16551.95,Delivered
336,96,2025-06-24,2025-07-03,80630.3,Delivered
337,96,2025-04-09,2025-04-19,20416.34,Delivered
338,96,2025-03-21,2025-04-02,7943.28,Delivered
339,97,2025-06-22,,74678.8,In Transit
340,97,2025-03-09,2025-03-21,51370.08,Delivered
341,98,2025-04-03,,70917.31,In Transit
342,98,2025-03-26,2025-04-20,61718.78,Delivered
343,98,2025-07-30,,31919.0,Cancelled
344,99,2025-08-16,,52484.72,Cancelled
345,99,2025-08-18,2025-09-05,21039.25,Delivered
346,99,2025-06-08,2025-06-27,82127.32,Delivered
347,100,2025-07-08,,58138.62,In Transit
348,100,2025-08-14,2025-08-22,40050.28,Delivered
349,100,2025-07-15,2025-07-29,43492.71,Delivered
350,101,2025-04-13,2025-05-06,68405.15,Delivered
351,101,2025-05-09,2025-05-29,5857.01,Delivered
352,101,2025-07-10,2025-08-05,47804.15,Delivered
353,102,2025-05-26,2025-06-10,8503.57,Delivered
354,102,2025-05-20,,39018.15,In Transit
355,103,2025-08-12,2025-09-02,9158.08,Delivered
356,103,2025-08-19,2025-09-10,75366.59,Delivered
357,103,2025-08-01,,5946.95,In Transit
358,104,2025-05-01,2025-05-04,33744.87,Delivered
359,104,2025-07-11,2025-07-14,20248.99,Delivered
360,104,2025-02-20,,71571.22,Cancelled
361,104,2025-06-21,2025-07-02,67580.28,Delivered
362,105,2025-05-27,2025-06-22,78102.58,Delivered
363,105,2025-03-13,2025-04-09,64863.24,Delivered
364,106,2025-01-03,2025-01-29,77139.1,Delivered
365,106,2025-05-12,2025-06-09,19507.17,Delivered
366,106,2025-10-08,,80008.87,In Transit
367,106,2025-09-28,2025-10-25,36841.77,Delivered
368,106,2025-05-02,2025-05-20,26646.12,Delivered
369,107,2025-08-03,,54852.47,In Transit
370,107,2025-08-23,2025-09-16,6744.4,Delivered
371,107,2025-10-02,,2872.35,In Transit
372,108,2025-03-15,2025-03-31,25821.21,Delivered
373,108,2025-06-30,2025-07-17,21587.11,Delivered
374,108,2025-04-06,2025-04-30,56975.0,Delivered
375,109,2025-02-04,,81109.21,In Transit
376,109,2025-09-17,,67165.43,In Transit
377,109,2025-10-11,2025-11-01,3197.91,Delivered
378,109,2025-01-23,2025-02-04,54578.51,Delivered
379,110,2025-01-09,2025-02-04,31317.34,Delivered
380,110,2025-06-26,,21634.01,Cancelled
381,110,2025-02-23,,65920.36,Cancelled
382,110,2025-06-20,2025-07-07,12639.7,Delivered
383,111,2025-03-31,,70837.04,Cancelled
384,111,2025-08-26,2025-09-05,83398.4,Delivered
385,111,2025-04-04,2025-04-17,69260.06,Delivered
386,111,2025-08-23,2025-08-31,4588.15,Delivered
387,112,2025-04-13,2025-05-06,75463.5,Delivered
388,112,2025-06-08,,44534.53,In Transit
389,113,2025-05-10,,4557.83,Cancelled
390,113,2025-04-08,2025-04-21,25390.26,Delivered
391,113,2025-06-19,2025-07-09,24313.59,Delivered
392,113,2025-08-12,,75772.12,Cancelled
393,113,2025-08-14,2025-08-29,76202.23,Delivered
394,114,2025-04-06,2025-04-18,42932.97,Delivered
395,114,2025-07-08,,78679.92,In Transit
396,114,2025-05-17,,68395.87,Cancelled
397,114,2025-08-06,,8090.41,In Transit
398,115,2025-10-07,2025-10-25,26029.5,Delivered
399,115,2025-02-10,2025-02-27,28881.31,Delivered
400,115,2025-06-06,,38733.97,Cancelled
401,116,2025-03-27,2025-04-17,59095.36,Delivered
402,116,2025-08-17,2025-09-03,5036.66,Delivered
403,116,2025-08-11,2025-09-02,24425.37,Delivered
404,116,2025-02-08,2025-02-24,57543.85,Delivered
405,116,2025-07-06,,44342.68,Cancelled
406,117,2025-01-16,,13422.09,In Transit
407,117,2025-08-13,2025-08-22,4405.71,Delivered
408,117,2025-05-01,2025-05-11,66506.03,Delivered
409,118,2025-07-16,2025-07-28,80780.5,Delivered
410,118,2025-03-20,2025-04-02,58201.68,Delivered
411,118,2025-07-10,2025-07-19,38568.93,Delivered
412,118,2025-10-21,2025-10-25,12997.54,Delivered
413,119,2025-06-10,2025-06-21,55738.32,Delivered
414,119,2025-02-28,2025-03-07,3663.76,Delivered
415,119,2025-09-13,,44731.73,In Transit
416,119,2025-03-02,2025-03-10,23358.35,Delivered
417,119,2025-08-17,,19416.63,In Transit
418,120,2025-09-09,2025-09-14,18214.89,Delivered
419,120,2025-02-07,,39245.56,Cancelled
420,120,2025-08-16,,84771.41,Cancelled
421,120,2025-06-13,,57264.62,Cancelled
422,121,2025-10-09,2025-10-23,46771.31,Delivered
423,121,2025-03-22,,60936.06,Cancelled
424,122,2025-07-05,2025-07-20,43981.1,Delivered
425,122,2025-04-13,2025-04-28,67637.48,Delivered
426,122,2025-09-10,,3694.72,In Transit
427,123,2025-08-28,,68605.75,In Transit
428,123,2025-03-08,2025-03-28,52597.69,Delivered
429,123,2025-02-03,,27325.77,Cancelled
430,123,2025-09-03,2025-09-19,45395.59,Delivered
431,124,2025-03-06,,82693.71,Cancelled
432,124,2025-02-07,,39072.87,Cancelled
433,125,2025-03-07,,74809.67,In Transit
434,125,2025-10-28,2025-11-16,16693.92,Delivered
435,125,2025-08-10,2025-09-02,43489.13,Delivered
436,125,2025-03-05,2025-04-03,44761.53,Delivered
437,126,2025-03-24,,28442.17,Cancelled
438,126,2025-04-26,,30392.93,In Transit
439,126,2025-05-26,2025-06-17,72135.46,Delivered
440,127,2025-10-10,,24416.66,Cancelled
441,127,2025-06-05,2025-06-15,52804.76,Delivered
442,127,2025-09-15,,55022.45,In Transit
443,128,2025-03-29,,56504.19,Cancelled
444,128,2025-06-22,,71851.26,In Transit
445,128,2025-01-22,2025-02-11,70407.23,Delivered
446,129,2025-01-24,,80703.66,In Transit
447,129,2025-05-16,,55869.35,In Transit
448,130,2025-01-16,,43086.18,Cancelled
449,130,2025-10-07,2025-10-27,25687.58,Delivered
450,130,2025-09-05,,21947.31,Cancelled
451,130,2025-07-27,2025-08-16,26335.73,Delivered
452,130,2025-01-31,2025-02-22,14699.72,Delivered
453,131,2025-08-26,,18535.92,In Transit
454,131,2025-03-15,,27600.64,Cancelled
455,131,2025-06-13,2025-07-05,62805.68,Delivered
456,131,2025-07-24,2025-08-11,12418.97,Delivered
457,131,2025-09-21,2025-10-07,48397.88,Delivered
458,132,2025-08-27,2025-09-14,11730.58,Delivered
459,132,2025-05-07,2025-05-30,13263.28,Delivered
460,132,2025-05-29,,80439.64,In Transit
461,133,2025-05-08,2025-05-19,81884.27,Delivered
462,133,2025-06-17,,79468.25,Cancelled
463,133,2025-06-10,2025-06-20,17351.15,Delivered
464,133,2025-09-13,2025-09-19,84663.45,Delivered
465,133,2025-09-13,2025-09-22,74902.82,Delivered
466,134,2025-02-16,,80426.94,In Transit
467,134,2025-08-23,2025-09-07,82218.33,Delivered
468,135,2025-01-25,2025-02-14,5720.12,Delivered
469,135,2025-08-29,2025-09-16,25359.99,Delivered
470,135,2025-02-25,2025-03-16,37482.47,Delivered
471,135,2025-07-07,2025-07-29,65282.04,Delivered
472,136,2025-07-25,,5771.67,In Transit
473,136,2025-04-10,2025-04-18,31770.74,Delivered
474,137,2025-07-17,,43605.34,In Transit
475,137,2025-05-24,,70413.5,In Transit
476,138,2025-03-07,2025-03-10,82919.42,Delivered
477,138,2025-07-11,2025-07-15,67873.92,Delivered
478,139,2025-03-15,,18121.33,In Transit
479,139,2025-07-25,2025-08-07,43256.5,Delivered
480,139,2025-01-20,2025-02-01,12942.54,Delivered
481,139,2025-08-31,2025-09-16,44864.28,Delivered
482,140,2025-06-17,2025-06-30,79269.29,Delivered
483,140,2025-03-25,,34311.71,In Transit
484,140,2025-06-03,,51076.01,In Transit
485,141,2025-10-16,2025-11-09,26532.51,Delivered
486,141,2025-07-08,2025-08-06,29158.51,Delivered
487,141,2025-08-02,,50239.13,Cancelled
488,141,2025-01-14,2025-02-08,51341.95,Delivered
489,141,2025-10-24,,49732.47,Cancelled
490,142,2025-10-26,,41617.47,In Transit
491,142,2025-07-14,,13839.27,Cancelled
492,143,2025-01-17,,49309.62,Cancelled
493,143,2025-02-26,2025-03-14,17430.49,Delivered
494,143,2025-06-10,2025-06-22,36468.15,Delivered
495,144,2025-07-30,,43401.93,In Transit
496,144,2025-08-30,,74380.28,Cancelled
497,144,2025-02-01,,60432.23,In Transit
498,145,2025-10-15,,28641.64,Cancelled
499,145,2025-09-02,2025-10-04,45377.34,Delivered
500,145,2025-03-30,,39881.9,In Transit
501,146,2025-10-07,,31082.96,Cancelled
502,146,2025-05-16,2025-06-11,52441.39,Delivered
503,146,2025-05-07,2025-05-28,24797.03,Delivered
504,146,2025-04-26,2025-05-23,80114.04,Delivered
505,147,2025-04-17,2025-04-24,59135.03,Delivered
506,147,2025-06-12,,41563.59,In Transit
507,147,2025-05-21,,25530.41,In Transit
508,147,2025-10-06,2025-10-13,33204.46,Delivered
509,148,2025-03-16,2025-03-22,25752.8,Delivered
510,148,2025-02-10,2025-02-19,30421.35,Delivered
511,148,2025-05-12,2025-05-19,63902.76,Delivered
512,148,2025-04-14,2025-04-28,70633.97,Delivered
513,149,2025-03-12,,10620.42,Cancelled
514,149,2025-10-28,2025-11-18,21480.05,Delivered
515,149,2025-09-29,2025-10-24,20343.58,Delivered
516,149,2025-01-27,2025-02-22,9866.53,Delivered
517,150,2025-02-21,2025-02-28,58379.53,Delivered
518,150,2025-01-03,2025-01-14,82037.32,Delivered
519,150,2025-07-28,2025-08-09,56016.55,Delivered
520,150,2025-09-02,2025-09-05,55819.98,Delivered
521,150,2025-06-14,2025-06-26,25332.18,Delivered
522,1,2025-12-13,2026-01-07,23620.02,Delivered
523,2,2025-04-15,2025-05-13,34737.04,Delivered
524,2,2025-12-07,2025-12-29,80406.6,Delivered
525,2,2025-06-10,,17112.3,Cancelled
526,3,2025-05-01,2025-05-18,23486.99,Delivered
527,3,2025-09-27,2025-10-23,25464.6,Delivered
528,4,2025-08-24,,19424.85,Cancelled
529,5,2025-04-27,2025-05-01,27924.47,Delivered
530,5,2025-08-02,,483.45,In Transit
531,5,2025-01-05,2025-01-08,83425.52,Delivered
532,6,2025-04-29,2025-05-08,10299.07,Delivered
533,6,2025-12-10,2025-12-15,27975.36,Delivered
534,6,2025-10-15,2025-10-24,48127.61,Delivered
535,7,2025-06-24,2025-07-22,19368.66,Delivered
536,7,2025-06-30,,45179.67,In Transit
537,7,2025-07-22,2025-07-30,36537.87,Delivered
538,8,2025-10-25,2025-11-11,40668.95,Delivered
539,8,2025-08-01,2025-08-15,10067.27,Delivered
540,8,2025-06-21,2025-07-16,46541.67,Delivered
541,9,2025-02-23,2025-03-11,37100.92,Delivered
542,9,2025-06-02,2025-06-10,17162.78,Delivered
543,9,2025-07-08,2025-07-25,53176.68,Delivered
544,10,2025-06-10,2025-06-28,53676.46,Delivered
545,11,2025-07-31,2025-08-22,55173.14,Delivered
546,11,2025-11-04,2025-11-25,64866.81,Delivered
547,11,2025-07-16,2025-07-23,34558.1,Delivered
548,12,2025-09-10,2025-09-17,59303.55,Delivered
549,12,2025-09-19,2025-10-13,17043.97,Delivered
550,13,2025-01-22,2025-02-17,66007.28,Delivered
551,14,2025-04-21,2025-05-09,40433.87,Delivered
552,15,2025-12-07,2025-12-25,53890.14,Delivered
553,16,2025-03-22,,16684.52,Cancelled
554,16,2025-10-18,2025-10-24,12068.67,Delivered
555,17,2025-05-23,2025-06-07,27140.57,Delivered
556,18,2025-04-14,2025-04-17,73128.4,Delivered
557,19,2025-01-19,,48676.88,In Transit
558,20,2025-01-20,2025-02-19,18077.04,Delivered
559,20,2025-11-15,,84336.83,In Transit
560,20,2025-07-31,2025-08-17,14496.65,Delivered
561,21,2025-11-11,2025-12-10,23100.52,Delivered
562,22,2025-09-02,2025-09-11,21231.91,Delivered
563,22,2025-04-08,2025-04-26,54980.43,Delivered
564,22,2025-05-31,2025-06-29,53818.56,Delivered
565,22,2025-08-01,,208239.61,In Transit
566,23,2025-11-27,2025-12-20,16786.47,Delivered
567,23,2025-10-10,2025-10-15,2635.1,Delivered
568,24,2025-08-30,2025-09-14,80343.44,Delivered
569,24,2025-10-03,2025-10-26,32057.49,Delivered
570,25,2025-03-01,2025-03-08,47433.45,Delivered
571,26,2025-05-05,2025-05-08,74758.17,Delivered
572,26,2025-08-24,2025-09-18,69785.46,Delivered
573,26,2025-06-01,2025-06-23,69906.07,Delivered
574,27,2025-06-10,2025-06-18,58208.79,Delivered
575,27,2025-01-09,2025-01-25,74898.96,Delivered
576,28,2025-10-05,2025-10-31,23214.3,Delivered
577,28,2025-10-28,2025-11-04,250119.89,Delivered
578,29,2025-01-26,,14904.51,Cancelled
579,29,2025-12-12,,2636.01,In Transit
580,29,2025-06-14,2025-06-19,81478.77,Delivered
581,30,2025-11-29,2025-12-06,77080.2,Delivered
582,31,2025-01-05,2025-02-02,9377.57,Delivered
583,32,2025-07-12,2025-07-18,45829.41,Delivered
584,32,2025-01-16,2025-01-30,73372.88,Delivered
585,33,2025-07-25,2025-09-20,144.34,Delivered
586,33,2025-03-12,2025-04-08,15970.01,Delivered
587,33,2025-01-15,2025-02-08,66639.46,Delivered
588,33,2025-02-22,2025-03-21,59172.76,Delivered
589,34,2025-07-19,2025-07-30,33656.07,Delivered
590,34,2025-09-24,2025-10-16,11619.08,Delivered
591,34,2025-03-21,2025-04-13,4263.54,Delivered
592,35,2025-08-01,2025-08-09,84087.21,Delivered
593,35,2025-08-09,2025-08-16,20283.89,Delivered
594,36,2025-03-18,2025-04-09,46365.06,Delivered
595,36,2025-04-19,2025-05-10,53557.23,Delivered
596,36,2025-01-23,2025-02-18,43891.13,Delivered
597,36,2025-06-14,2025-06-29,72260.57,Delivered
598,37,2025-04-07,2025-05-07,70702.53,Delivered
599,38,2025-01-09,2025-02-06,42934.22,Delivered
600,38,2025-10-25,2025-11-21,75551.63,Delivered
601,38,2025-10-01,,76003.59,In Transit
602,38,2025-05-31,2025-06-29,70783.1,Delivered
603,38,2025-04-08,2025-05-01,62349.2,Delivered
604,39,2025-01-15,2025-02-13,36853.96,Delivered
605,40,2025-12-12,2025-12-16,27872.0,Delivered
606,41,2025-07-22,2025-08-05,12193.19,Delivered
607,42,2025-02-22,2025-04-09,8714.25,Delivered
608,43,2025-08-23,2025-09-12,27429.65,Delivered
609,43,2025-06-07,2025-06-11,2951.41,Delivered
610,44,2025-10-31,2025-11-06,57937.45,Delivered
611,44,2025-12-19,2025-12-24,71664.01,Delivered
612,44,2025-11-16,2025-11-22,14056.04,Delivered
613,45,2025-04-20,2025-06-04,248929.8,Delivered
614,45,2025-03-27,2025-04-17,69150.89,Delivered
615,45,2025-08-28,2025-09-27,47897.84,Delivered
616,46,2025-07-05,2025-08-03,66946.43,Delivered
617,46,2025-03-04,2025-04-20,202650.66,Delivered
618,46,2025-08-02,2025-08-30,33192.39,Delivered
619,46,2025-02-01,2025-02-28,49862.05,Delivered
620,47,2025-02-18,,29008.17,In Transit
621,48,2025-06-25,2025-07-16,77496.01,Delivered
622,48,2025-12-20,,55872.53,In Transit
623,48,2025-12-01,2025-12-05,30691.43,Delivered
624,49,2025-04-17,,12236.11,Cancelled
625,49,2025-07-03,2025-07-09,473.74,Delivered
626,50,2025-07-09,2025-07-19,26676.59,Delivered
627,51,2025-07-02,2025-07-08,6422.76,Delivered
628,51,2025-09-28,2025-10-09,9491.19,Delivered
629,52,2025-08-07,2025-09-05,41337.24,Delivered
630,53,2025-09-02,2025-09-13,75046.98,Delivered
631,54,2025-11-19,2025-12-09,15599.71,Delivered
632,54,2025-07-26,2025-08-06,42438.15,Delivered
633,54,2025-05-24,2025-06-10,38947.36,Delivered
634,54,2025-06-21,2025-07-07,34975.18,Delivered
635,55,2025-03-14,2025-04-05,67306.86,Delivered
636,55,2025-12-10,2025-12-28,43093.57,Delivered
637,56,2025-02-21,2025-03-01,17552.22,Delivered
638,56,2025-03-12,2025-03-26,33279.1,Delivered
639,56,2025-07-08,2025-07-24,11839.46,Delivered
640,57,2025-07-03,,64604.17,In Transit
641,57,2025-12-17,2026-01-14,24518.76,Delivered
642,57,2025-04-04,2025-04-20,54087.21,Delivered
643,58,2025-01-21,2025-02-15,42628.07,Delivered
644,59,2025-10-05,2025-11-15,78593.73,Delivered
645,59,2025-10-01,2025-11-26,173516.71,Delivered
646,60,2025-10-29,2025-11-13,45386.9,Delivered
647,61,2025-08-15,2025-09-09,47323.81,Delivered
648,61,2025-06-09,2025-06-30,82501.68,Delivered
649,62,2025-07-11,2025-07-25,31099.94,Delivered
650,62,2025-07-09,,7330.98,Cancelled
651,63,2025-08-02,,28330.08,In Transit
652,63,2025-08-12,2025-09-11,71706.11,Delivered
653,64,2025-06-05,2025-06-16,52398.18,Delivered
654,65,2025-11-23,2025-12-15,54395.16,Delivered
655,65,2025-08-24,,8077.49,In Transit
656,65,2025-07-16,2025-08-12,6731.73,Delivered
657,65,2025-10-11,2025-11-07,71049.27,Delivered
658,66,2025-01-14,2025-01-25,22607.43,Delivered
659,67,2025-03-03,,57184.35,In Transit
660,67,2025-03-11,2025-05-07,77733.06,Delivered
661,67,2025-06-20,2025-07-09,82616.21,Delivered
662,68,2025-01-10,2025-01-16,10732.29,Delivered
663,68,2025-06-01,,32994.01,Cancelled
664,69,2025-06-16,2025-06-27,37008.84,Delivered
665,69,2025-04-20,2025-05-18,69704.78,Delivered
666,69,2025-03-21,2025-04-10,70849.11,Delivered
667,69,2025-09-22,2025-10-12,38707.56,Delivered
668,70,2025-06-04,2025-06-08,40374.7,Delivered
669,71,2025-04-01,2025-04-13,35768.67,Delivered
670,71,2025-06-30,2025-07-13,5865.54,Delivered
671,71,2025-06-04,,39044.43,Cancelled
672,71,2025-12-14,2026-01-04,76636.23,Delivered
673,72,2025-02-28,2025-03-23,80126.33,Delivered
674,72,2025-05-11,,6397.78,In Transit
675,73,2025-08-22,2025-09-02,37885.85,Delivered
676,73,2025-03-16,,13707.86,In Transit
677,73,2025-06-04,2025-06-29,29403.26,Delivered
678,73,2025-11-25,,57367.33,In Transit
679,73,2025-03-25,2025-04-20,50608.1,Delivered
680,74,2025-02-03,,58932.35,In Transit
681,74,2025-04-11,2025-05-10,50837.03,Delivered
682,75,2025-11-20,2025-12-11,59209.93,Delivered
683,75,2025-11-29,2025-12-09,29300.9,Delivered
684,75,2025-08-07,2025-08-28,84667.54,Delivered
685,76,2025-10-27,,21179.29,Cancelled
686,77,2025-07-04,2025-07-25,42080.92,Delivered
687,77,2025-11-27,2025-12-06,60557.79,Delivered
688,77,2025-04-01,,75795.01,Cancelled
689,77,2025-08-26,2025-09-01,44553.65,Delivered
690,77,2025-10-29,2025-11-19,23622.81,Delivered
691,78,2025-03-18,2025-04-13,6357.12,Delivered
692,79,2025-03-04,2025-03-12,52934.19,Delivered
693,79,2025-05-01,,73402.88,Cancelled
694,79,2025-10-31,2025-11-25,20746.72,Delivered
695,79,2025-02-25,2025-03-13,68385.37,Delivered
696,79,2025-09-29,2025-10-03,59010.11,Delivered
697,80,2025-09-10,2025-09-16,77384.07,Delivered
698,80,2025-02-18,2025-03-06,55399.5,Delivered
699,80,2025-02-20,2025-03-08,19425.5,Delivered
700,81,2025-10-09,2025-10-26,42566.69,Delivered
701,82,2025-02-21,2025-03-09,22979.94,Delivered
702,83,2025-04-10,,70283.77,In Transit
703,84,2025-12-09,2025-12-16,34920.32,Delivered
704,84,2025-01-31,2025-02-25,82406.48,Delivered
705,85,2025-04-11,,56366.28,In Transit
706,85,2025-05-26,2025-06-12,41194.24,Delivered
707,85,2025-12-02,2025-12-31,34900.81,Delivered
708,85,2025-01-14,2025-02-07,4452.64,Delivered
709,85,2025-08-14,2025-09-08,67404.69,Delivered
710,86,2025-09-06,2025-09-30,75342.01,Delivered
711,86,2025-12-07,2025-12-26,77583.84,Delivered
712,87,2025-05-15,2025-05-22,7071.84,Delivered
713,87,2025-09-05,2025-09-29,12639.73,Delivered
714,88,2025-04-02,2025-04-19,47750.56,Delivered
715,89,2025-04-17,2025-06-04,389.36,Delivered
716,89,2025-09-05,2025-09-23,66274.92,Delivered
717,89,2025-01-17,2025-01-25,61498.55,Delivered
718,90,2025-05-25,2025-06-22,6422.39,Delivered
719,91,2025-01-10,,55749.38,In Transit
720,91,2025-04-29,2025-05-22,80673.57,Delivered
721,91,2025-10-05,,75454.57,In Transit
722,91,2025-02-16,2025-02-20,36140.34,Delivered
723,92,2025-05-02,2025-05-31,27712.09,Delivered
724,93,2025-10-11,2025-11-04,30094.89,Delivered
725,94,2025-02-16,2025-03-05,38710.2,Delivered
726,95,2025-03-13,2025-03-19,72446.64,Delivered
727,95,2025-06-18,2025-06-28,15914.42,Delivered
728,95,2025-06-10,2025-07-08,60975.33,Delivered
729,95,2025-02-26,2025-03-01,45056.41,Delivered
730,96,2025-09-18,2025-11-10,81004.3,Delivered
731,97,2025-12-03,2025-12-19,12558.69,Delivered
732,97,2025-11-05,2025-11-23,4791.0,Delivered
733,97,2025-05-27,2025-06-02,18354.49,Delivered
734,98,2025-10-10,2025-11-18,296303.02,Delivered
735,98,2025-12-07,2025-12-23,53460.26,Delivered
736,98,2025-04-15,,27737.77,In Transit
737,98,2025-02-09,2025-03-05,7400.28,Delivered
738,99,2025-08-31,2025-09-20,3467.19,Delivered
739,99,2025-07-19,2025-07-25,4247.78,Delivered
740,99,2025-03-05,2025-04-01,1965.47,Delivered
741,100,2025-09-08,2025-09-21,29794.56,Delivered
742,100,2025-01-14,2025-01-25,44219.24,Delivered
743,101,2025-11-02,2025-11-25,82249.93,Delivered
744,102,2025-11-10,2025-11-27,22083.7,Delivered
745,103,2025-03-29,2025-04-24,26546.34,Delivered
746,104,2025-08-27,2025-09-13,53059.53,Delivered
747,105,2025-07-16,2025-07-23,25374.23,Delivered
748,105,2025-11-01,2025-11-07,61527.45,Delivered
749,106,2025-10-23,2025-10-28,13880.17,Delivered
750,106,2025-10-06,2025-11-02,75188.51,Delivered
751,107,2025-09-10,2025-09-16,6185.5,Delivered
752,108,2025-06-19,2025-07-01,14806.14,Delivered
753,108,2025-11-15,2025-12-07,15470.1,Delivered
754,109,2025-03-28,2025-04-07,68971.32,Delivered
755,109,2025-04-20,2025-05-19,48728.53,Delivered
756,110,2025-05-05,2025-05-28,40308.62,Delivered
757,110,2025-06-14,,38655.15,In Transit
758,111,2025-07-26,,44360.35,In Transit
759,112,2025-12-11,2025-12-20,21805.74,Delivered
760,112,2025-05-04,2025-05-13,8373.11,Delivered
761,113,2025-03-09,2025-04-02,41778.5,Delivered
762,113,2025-03-05,2025-03-12,78355.89,Delivered
763,114,2025-06-11,2025-07-07,32572.48,Delivered
764,114,2025-01-26,2025-02-08,56213.17,Delivered
765,114,2025-01-28,2025-02-03,50347.55,Delivered
766,115,2025-05-02,2025-05-20,29773.64,Delivered
767,116,2025-05-25,,50259.66,In Transit
768,116,2025-03-26,2025-04-03,77720.41,Delivered
769,116,2025-01-05,2025-01-14,72660.58,Delivered
770,117,2025-05-27,2025-06-05,17092.15,Delivered
771,117,2025-03-03,,6601.99,In Transit
772,117,2025-07-04,2025-08-02,22418.14,Delivered
773,118,2025-02-16,2025-03-15,37974.33,Delivered
774,118,2025-05-14,,52991.85,Cancelled
775,119,2025-02-07,2025-03-02,11053.73,Delivered
776,120,2025-06-30,2025-07-09,58785.91,Delivered
777,120,2025-11-26,2025-12-20,69190.79,Delivered
778,121,2025-02-22,2025-03-01,62100.91,Delivered
779,121,2025-12-14,,32304.95,Cancelled
780,121,2025-06-06,,63242.55,In Transit
781,122,2025-09-26,2025-09-29,57069.93,Delivered
782,122,2025-12-12,2025-12-24,255399.4,Delivered
783,122,2025-07-31,2025-08-27,70690.23,Delivered
784,123,2025-02-02,2025-02-18,62574.62,Delivered
785,123,2025-02-22,2025-03-22,27446.24,Delivered
786,123,2025-04-12,2025-05-04,8169.03,Delivered
787,123,2025-01-20,,5324.24,In Transit
788,124,2025-02-11,2025-02-27,71728.55,Delivered
789,124,2025-01-18,,8731.62,In Transit
790,124,2025-07-06,2025-07-29,205.73,Delivered
791,125,2025-01-29,2025-02-07,55579.12,Delivered
792,125,2025-02-08,2025-02-12,76299.23,Delivered
793,126,2025-11-27,2025-12-19,43927.66,Delivered
794,126,2025-02-08,,446.08,In Transit
795,127,2025-11-11,2025-11-22,47402.06,Delivered
796,128,2025-03-31,2025-04-04,3504.92,Delivered
797,129,2025-11-18,,74461.0,Cancelled
798,130,2025-06-02,2025-06-21,74951.28,Delivered
799,130,2025-08-16,2025-10-13,75979.66,Delivered
800,131,2025-09-04,2025-09-21,44900.58,Delivered
801,132,2025-08-02,2025-08-18,13933.5,Delivered
802,132,2025-08-28,2025-09-06,65188.47,Delivered
803,132,2025-10-20,2025-10-31,15704.67,Delivered
804,132,2025-07-25,2025-08-01,6842.45,Delivered
805,132,2025-04-19,,37041.34,In Transit
806,133,2025-07-04,2025-07-27,72535.61,Delivered
807,133,2025-07-27,2025-08-26,82682.75,Delivered
808,134,2025-06-02,2025-07-01,40331.63,Delivered
809,134,2025-10-27,,66910.13,In Transit
810,134,2025-09-05,2025-09-15,12428.37,Delivered
811,135,2025-08-14,2025-08-24,53279.2,Delivered
812,135,2025-08-15,,13454.75,Cancelled
813,136,2025-10-13,2025-11-10,71400.62,Delivered
814,136,2025-06-01,2025-06-29,82240.23,Delivered
815,137,2025-05-24,2025-07-06,70100.04,Delivered
816,137,2025-12-15,2025-12-28,43305.41,Delivered
817,138,2025-01-28,,81467.8,Cancelled
818,139,2025-06-08,,10867.76,Cancelled
819,139,2025-12-11,2026-01-02,42578.25,Delivered
820,139,2025-03-11,2025-03-30,22140.6,Delivered
821,139,2025-09-30,2025-10-15,18537.43,Delivered
822,140,2025-02-18,2025-02-26,78704.27,Delivered
823,140,2025-11-26,,42085.79,Cancelled
824,141,2025-09-21,2025-10-18,5687.56,Delivered
825,141,2025-01-17,2025-01-23,40212.67,Delivered
826,142,2025-06-07,2025-07-07,72134.94,Delivered
827,143,2025-08-13,2025-09-04,80959.45,Delivered
828,143,2025-07-19,2025-07-31,3112.65,Delivered
829,143,2025-04-29,,15865.02,Cancelled
830,144,2025-10-10,2025-11-04,62307.35,Delivered
831,144,2025-03-23,2025-04-11,57163.42,Delivered
832,144,2025-04-29,2025-05-20,76899.77,Delivered
833,144,2025-07-06,2025-07-25,30899.47,Delivered
834,145,2025-01-16,2025-01-21,46642.96,Delivered
835,145,2025-05-18,,71321.73,In Transit
836,145,2025-12-17,2025-12-28,65726.04,Delivered
837,145,2025-04-11,2025-05-07,46852.65,Delivered
838,145,2025-05-01,2025-05-18,55455.99,Delivered
839,146,2025-07-30,2025-08-13,23932.02,Delivered
840,146,2025-12-05,2026-01-23,304905.3,Delivered
841,146,2025-03-20,2025-04-02,445.24,Delivered
842,147,2025-01-24,2025-02-19,33976.47,Delivered
843,148,2025-06-07,2025-07-01,62218.1,Delivered
844,148,2025-10-12,2025-10-16,73465.49,Delivered
845,148,2025-03-25,2025-04-02,62707.92,Delivered
846,148,2025-09-30,2025-10-22,44199.28,Delivered
847,149,2025-02-10,2025-02-27,84829.14,Delivered
848,150,2025-02-24,2025-03-01,8883.57,Delivered
849,150,2025-09-22,2025-10-06,42059.4,Delivered
850,150,2025-05-11,2025-05-31,67397.33,Delivered
